album_id,album_name,track_id,track_name,release_date,danceability,energy,key,loudness,mode,speechiness,acousticness,instrumentalness,liveness,valence,tempo,type,id,uri,track_href,analysis_url,duration_ms,time_signature,id_num,key_lettername,mode_translated,combined_key,duration_minutes
7mzrIsaAjnXihW3InKjlC3,Taylor Swift,0Om9WAB5RS09L80DyOfTNa,Tim McGraw,10/24/2006,0.546,0.506,0,-6.334,1,0.0269,0.567,0,0.122,0.39,152.175,audio_features,0Om9WAB5RS09L80DyOfTNa,spotify:track:0Om9WAB5RS09L80DyOfTNa,https://api.spotify.com/v1/tracks/0Om9WAB5RS09L80DyOfTNa,https://api.spotify.com/v1/audio-analysis/0Om9WAB5RS09L80DyOfTNa,232107,4,1,C,Major,C Major,0:03:52
7mzrIsaAjnXihW3InKjlC3,Taylor Swift,32mVHdy0bi1XKgr0ajsBlG,Picture To Burn,10/24/2006,0.668,0.861,7,-2.03,1,0.0312,0.16,0,0.102,0.829,105.587,audio_features,32mVHdy0bi1XKgr0ajsBlG,spotify:track:32mVHdy0bi1XKgr0ajsBlG,https://api.spotify.com/v1/tracks/32mVHdy0bi1XKgr0ajsBlG,https://api.spotify.com/v1/audio-analysis/32mVHdy0bi1XKgr0ajsBlG,173067,4,2,G,Major,G Major,0:02:53
7mzrIsaAjnXihW3InKjlC3,Taylor Swift,7zMcNqs55Mxer82bvZFkpg,Teardrops On My Guitar - Radio Single Remix,10/24/2006,0.617,0.422,10,-6.794,1,0.0239,0.303,0,0.123,0.264,99.966,audio_features,7zMcNqs55Mxer82bvZFkpg,spotify:track:7zMcNqs55Mxer82bvZFkpg,https://api.spotify.com/v1/tracks/7zMcNqs55Mxer82bvZFkpg,https://api.spotify.com/v1/audio-analysis/7zMcNqs55Mxer82bvZFkpg,203040,4,3,Bb,Major,Bb Major,0:03:23
7mzrIsaAjnXihW3InKjlC3,Taylor Swift,73OX8GdpOeGzKC6OvGSbsv,A Place in this World,10/24/2006,0.58,0.781,9,-2.788,1,0.0305,0.0625,0,0.317,0.386,115.012,audio_features,73OX8GdpOeGzKC6OvGSbsv,spotify:track:73OX8GdpOeGzKC6OvGSbsv,https://api.spotify.com/v1/tracks/73OX8GdpOeGzKC6OvGSbsv,https://api.spotify.com/v1/audio-analysis/73OX8GdpOeGzKC6OvGSbsv,199200,4,4,A,Major,A Major,0:03:19
7mzrIsaAjnXihW3InKjlC3,Taylor Swift,7an1exwMnfYRcdVQm0yDev,Cold As You,10/24/2006,0.414,0.489,5,-5.651,1,0.0251,0.272,0,0.112,0.35,175.662,audio_features,7an1exwMnfYRcdVQm0yDev,spotify:track:7an1exwMnfYRcdVQm0yDev,https://api.spotify.com/v1/tracks/7an1exwMnfYRcdVQm0yDev,https://api.spotify.com/v1/audio-analysis/7an1exwMnfYRcdVQm0yDev,239013,4,5,F,Major,F Major,0:03:59
7mzrIsaAjnXihW3InKjlC3,Taylor Swift,2QA3IixpRcKyOdG7XDzRgv,The Outside,10/24/2006,0.579,0.808,5,-3.988,1,0.0275,0.00398,0,0.239,0.608,112.979,audio_features,2QA3IixpRcKyOdG7XDzRgv,spotify:track:2QA3IixpRcKyOdG7XDzRgv,https://api.spotify.com/v1/tracks/2QA3IixpRcKyOdG7XDzRgv,https://api.spotify.com/v1/audio-analysis/2QA3IixpRcKyOdG7XDzRgv,207107,4,6,F,Major,F Major,0:03:27
7mzrIsaAjnXihW3InKjlC3,Taylor Swift,6K0CJLVXqbGMeJSmJ4ENKK,Tied Together with a Smile,10/24/2006,0.464,0.591,2,-4.693,1,0.0286,0.512,0,0.0944,0.207,146.172,audio_features,6K0CJLVXqbGMeJSmJ4ENKK,spotify:track:6K0CJLVXqbGMeJSmJ4ENKK,https://api.spotify.com/v1/tracks/6K0CJLVXqbGMeJSmJ4ENKK,https://api.spotify.com/v1/audio-analysis/6K0CJLVXqbGMeJSmJ4ENKK,248107,4,7,D,Major,D Major,0:04:08
7mzrIsaAjnXihW3InKjlC3,Taylor Swift,2ZoOmCSgj0ypVAmGd1ve4y,Stay Beautiful,10/24/2006,0.59,0.643,8,-4.725,1,0.0243,0.098,0,0.136,0.508,131.646,audio_features,2ZoOmCSgj0ypVAmGd1ve4y,spotify:track:2ZoOmCSgj0ypVAmGd1ve4y,https://api.spotify.com/v1/tracks/2ZoOmCSgj0ypVAmGd1ve4y,https://api.spotify.com/v1/audio-analysis/2ZoOmCSgj0ypVAmGd1ve4y,236053,4,8,Ab,Major,Ab Major,0:03:56
7mzrIsaAjnXihW3InKjlC3,Taylor Swift,16MVSD0mGI4RMQT83Qzm69,Should've Said No,10/24/2006,0.474,0.773,4,-3.662,0,0.0307,0.0113,0,0.254,0.467,167.974,audio_features,16MVSD0mGI4RMQT83Qzm69,spotify:track:16MVSD0mGI4RMQT83Qzm69,https://api.spotify.com/v1/tracks/16MVSD0mGI4RMQT83Qzm69,https://api.spotify.com/v1/audio-analysis/16MVSD0mGI4RMQT83Qzm69,242200,4,9,D,minor,D minor,0:04:02
7mzrIsaAjnXihW3InKjlC3,Taylor Swift,2QrQCMel6v2JiLxqrg4p2O,Mary's Song (Oh My My My),10/24/2006,0.495,0.635,2,-5.235,1,0.0279,0.0275,0,0.182,0.404,150.802,audio_features,2QrQCMel6v2JiLxqrg4p2O,spotify:track:2QrQCMel6v2JiLxqrg4p2O,https://api.spotify.com/v1/tracks/2QrQCMel6v2JiLxqrg4p2O,https://api.spotify.com/v1/audio-analysis/2QrQCMel6v2JiLxqrg4p2O,213080,4,10,D,Major,D Major,0:03:33
7mzrIsaAjnXihW3InKjlC3,Taylor Swift,15DeqWWQB4dcEWzJg15VrN,Our Song,10/24/2006,0.543,0.686,2,-4.751,1,0.0357,0.114,0,0.335,0.555,177.874,audio_features,15DeqWWQB4dcEWzJg15VrN,spotify:track:15DeqWWQB4dcEWzJg15VrN,https://api.spotify.com/v1/tracks/15DeqWWQB4dcEWzJg15VrN,https://api.spotify.com/v1/audio-analysis/15DeqWWQB4dcEWzJg15VrN,201107,4,11,D,Major,D Major,0:03:21
7mzrIsaAjnXihW3InKjlC3,Taylor Swift,0JIdBrXGSJXS72zjF9ss9u,I'm Only Me When I'm With You,10/24/2006,0.544,0.912,8,-3.612,1,0.0738,0.00543,0.000715,0.0976,0.629,143.983,audio_features,0JIdBrXGSJXS72zjF9ss9u,spotify:track:0JIdBrXGSJXS72zjF9ss9u,https://api.spotify.com/v1/tracks/0JIdBrXGSJXS72zjF9ss9u,https://api.spotify.com/v1/audio-analysis/0JIdBrXGSJXS72zjF9ss9u,213053,4,12,Ab,Major,Ab Major,0:03:33
7mzrIsaAjnXihW3InKjlC3,Taylor Swift,5OOd01o2YS1QFwdpVLds3r,Invisible,10/24/2006,0.618,0.4,7,-5.485,1,0.0253,0.627,0,0.0943,0.189,96.052,audio_features,5OOd01o2YS1QFwdpVLds3r,spotify:track:5OOd01o2YS1QFwdpVLds3r,https://api.spotify.com/v1/tracks/5OOd01o2YS1QFwdpVLds3r,https://api.spotify.com/v1/audio-analysis/5OOd01o2YS1QFwdpVLds3r,203227,4,13,G,Major,G Major,0:03:23
7mzrIsaAjnXihW3InKjlC3,Taylor Swift,1spLfUJxtyVyiKKTegQ2r4,A Perfectly Good Heart,10/24/2006,0.477,0.735,4,-5.686,1,0.0346,0.00502,0,0.128,0.326,156.035,audio_features,1spLfUJxtyVyiKKTegQ2r4,spotify:track:1spLfUJxtyVyiKKTegQ2r4,https://api.spotify.com/v1/tracks/1spLfUJxtyVyiKKTegQ2r4,https://api.spotify.com/v1/audio-analysis/1spLfUJxtyVyiKKTegQ2r4,220147,4,14,D,Major,D Major,0:03:40
7mzrIsaAjnXihW3InKjlC3,Taylor Swift,4pJi1rVt9GNegU9kywjg4z,Teardrops on My Guitar - Pop Version,10/24/2006,0.647,0.762,10,-3.9,1,0.0337,0.0467,0,0.0883,0.54,100.021,audio_features,4pJi1rVt9GNegU9kywjg4z,spotify:track:4pJi1rVt9GNegU9kywjg4z,https://api.spotify.com/v1/tracks/4pJi1rVt9GNegU9kywjg4z,https://api.spotify.com/v1/audio-analysis/4pJi1rVt9GNegU9kywjg4z,179067,4,15,Bb,Major,Bb Major,0:02:59
2dqn5yOQWdyGwOpOIi9O4x,Fearless,6Eu31gddWw0gOGO506pJYA,Fearless,11/11/2008,0.594,0.712,5,-4.418,1,0.0273,0.04,0,0.309,0.476,99.972,audio_features,6Eu31gddWw0gOGO506pJYA,spotify:track:6Eu31gddWw0gOGO506pJYA,https://api.spotify.com/v1/tracks/6Eu31gddWw0gOGO506pJYA,https://api.spotify.com/v1/audio-analysis/6Eu31gddWw0gOGO506pJYA,241987,4,16,F,Major,F Major,0:04:02
2dqn5yOQWdyGwOpOIi9O4x,Fearless,4t0OI7XrODjSkAu3bTPmWj,Fifteen,11/11/2008,0.556,0.651,7,-4.396,1,0.0266,0.067,0,0.145,0.203,95.485,audio_features,4t0OI7XrODjSkAu3bTPmWj,spotify:track:4t0OI7XrODjSkAu3bTPmWj,https://api.spotify.com/v1/tracks/4t0OI7XrODjSkAu3bTPmWj,https://api.spotify.com/v1/audio-analysis/4t0OI7XrODjSkAu3bTPmWj,294333,4,17,G,Major,G Major,0:04:54
2dqn5yOQWdyGwOpOIi9O4x,Fearless,1vrd6UOGamcKNGnSHJQlSt,Love Story,11/11/2008,0.618,0.741,2,-3.95,1,0.031,0.17,0,0.0822,0.296,118.984,audio_features,1vrd6UOGamcKNGnSHJQlSt,spotify:track:1vrd6UOGamcKNGnSHJQlSt,https://api.spotify.com/v1/tracks/1vrd6UOGamcKNGnSHJQlSt,https://api.spotify.com/v1/audio-analysis/1vrd6UOGamcKNGnSHJQlSt,235267,4,18,D,Major,D Major,0:03:55
2dqn5yOQWdyGwOpOIi9O4x,Fearless,4WXzzCof26KJLTK5kK53dS,Hey Stephen,11/11/2008,0.841,0.544,6,-7.347,1,0.0309,0.194,2.48E-06,0.108,0.831,115.994,audio_features,4WXzzCof26KJLTK5kK53dS,spotify:track:4WXzzCof26KJLTK5kK53dS,https://api.spotify.com/v1/tracks/4WXzzCof26KJLTK5kK53dS,https://api.spotify.com/v1/audio-analysis/4WXzzCof26KJLTK5kK53dS,254307,4,19,Gb,Major,Gb Major,0:04:14
2dqn5yOQWdyGwOpOIi9O4x,Fearless,6wn61Fzx9XMxQmieLpoIhW,White Horse,11/11/2008,0.578,0.34,0,-8.027,1,0.0264,0.305,0,0.104,0.223,92.702,audio_features,6wn61Fzx9XMxQmieLpoIhW,spotify:track:6wn61Fzx9XMxQmieLpoIhW,https://api.spotify.com/v1/tracks/6wn61Fzx9XMxQmieLpoIhW,https://api.spotify.com/v1/audio-analysis/6wn61Fzx9XMxQmieLpoIhW,234427,4,20,C,Major,C Major,0:03:54
2dqn5yOQWdyGwOpOIi9O4x,Fearless,3GCL1PydwsLodcpv0Ll1ch,You Belong With Me,11/11/2008,0.687,0.783,6,-4.44,1,0.0386,0.162,1.35E-05,0.114,0.443,129.964,audio_features,3GCL1PydwsLodcpv0Ll1ch,spotify:track:3GCL1PydwsLodcpv0Ll1ch,https://api.spotify.com/v1/tracks/3GCL1PydwsLodcpv0Ll1ch,https://api.spotify.com/v1/audio-analysis/3GCL1PydwsLodcpv0Ll1ch,231133,4,21,Gb,Major,Gb Major,0:03:51
2dqn5yOQWdyGwOpOIi9O4x,Fearless,49mWEy5MgtNujgT7xU3emT,Breathe,11/11/2008,0.505,0.482,1,-7.372,1,0.0276,0.379,0,0.113,0.184,73.975,audio_features,49mWEy5MgtNujgT7xU3emT,spotify:track:49mWEy5MgtNujgT7xU3emT,https://api.spotify.com/v1/tracks/49mWEy5MgtNujgT7xU3emT,https://api.spotify.com/v1/audio-analysis/49mWEy5MgtNujgT7xU3emT,263973,4,22,Db,Major,Db Major,0:04:24
2dqn5yOQWdyGwOpOIi9O4x,Fearless,3rnI1UCyGJvUTVvT97VQr5,Tell Me Why,11/11/2008,0.604,0.855,7,-3.097,1,0.038,0.0571,3.65E-06,0.343,0.51,99.96,audio_features,3rnI1UCyGJvUTVvT97VQr5,spotify:track:3rnI1UCyGJvUTVvT97VQr5,https://api.spotify.com/v1/tracks/3rnI1UCyGJvUTVvT97VQr5,https://api.spotify.com/v1/audio-analysis/3rnI1UCyGJvUTVvT97VQr5,200547,4,23,G,Major,G Major,0:03:21
2dqn5yOQWdyGwOpOIi9O4x,Fearless,0HmCuN0Z3OX1Qrz43FLOPL,You're Not Sorry,11/11/2008,0.475,0.452,6,-4.134,1,0.027,0.146,1.36E-06,0.108,0.276,133.959,audio_features,0HmCuN0Z3OX1Qrz43FLOPL,spotify:track:0HmCuN0Z3OX1Qrz43FLOPL,https://api.spotify.com/v1/tracks/0HmCuN0Z3OX1Qrz43FLOPL,https://api.spotify.com/v1/audio-analysis/0HmCuN0Z3OX1Qrz43FLOPL,261787,4,24,Gb,Major,Gb Major,0:04:22
2dqn5yOQWdyGwOpOIi9O4x,Fearless,5P4wWhUYWM0IaVYLuZxdar,The Way I Loved You,11/11/2008,0.433,0.7,5,-3.709,1,0.0336,0.0408,0,0.115,0.398,160.927,audio_features,5P4wWhUYWM0IaVYLuZxdar,spotify:track:5P4wWhUYWM0IaVYLuZxdar,https://api.spotify.com/v1/tracks/5P4wWhUYWM0IaVYLuZxdar,https://api.spotify.com/v1/audio-analysis/5P4wWhUYWM0IaVYLuZxdar,244227,4,25,F,Major,F Major,0:04:04
2dqn5yOQWdyGwOpOIi9O4x,Fearless,47HtKpfzpAt8rQjjXWotFj,Forever & Always,11/11/2008,0.608,0.821,10,-4.985,1,0.0576,0.0752,0,0.11,0.544,128.042,audio_features,47HtKpfzpAt8rQjjXWotFj,spotify:track:47HtKpfzpAt8rQjjXWotFj,https://api.spotify.com/v1/tracks/47HtKpfzpAt8rQjjXWotFj,https://api.spotify.com/v1/audio-analysis/47HtKpfzpAt8rQjjXWotFj,225320,4,26,Bb,Major,Bb Major,0:03:45
2dqn5yOQWdyGwOpOIi9O4x,Fearless,3esA216TyLHEkNiBCeCmcg,The Best Day,11/11/2008,0.666,0.434,1,-8.543,1,0.0289,0.647,1.95E-06,0.124,0.396,126.084,audio_features,3esA216TyLHEkNiBCeCmcg,spotify:track:3esA216TyLHEkNiBCeCmcg,https://api.spotify.com/v1/tracks/3esA216TyLHEkNiBCeCmcg,https://api.spotify.com/v1/audio-analysis/3esA216TyLHEkNiBCeCmcg,245333,4,27,Db,Major,Db Major,0:04:05
2dqn5yOQWdyGwOpOIi9O4x,Fearless,1yACRKAwlXWhXXFUSkvzhD,Change,11/11/2008,0.541,0.77,5,-4.17,1,0.0354,0.00408,0,0.117,0.215,96.013,audio_features,1yACRKAwlXWhXXFUSkvzhD,spotify:track:1yACRKAwlXWhXXFUSkvzhD,https://api.spotify.com/v1/tracks/1yACRKAwlXWhXXFUSkvzhD,https://api.spotify.com/v1/audio-analysis/1yACRKAwlXWhXXFUSkvzhD,280240,4,28,F,Major,F Major,0:04:40
7vzYp7FrKnTRoktBYsx9SF,The Taylor Swift Holiday Collection,2IprIjGNRlj3TfqUWCAo0C,Last Christmas,12/2/2008,0.702,0.77,5,-5.319,1,0.0372,0.31,0,0.149,0.685,116.009,audio_features,2IprIjGNRlj3TfqUWCAo0C,spotify:track:2IprIjGNRlj3TfqUWCAo0C,https://api.spotify.com/v1/tracks/2IprIjGNRlj3TfqUWCAo0C,https://api.spotify.com/v1/audio-analysis/2IprIjGNRlj3TfqUWCAo0C,208253,4,29,F,Major,F Major,0:03:28
7vzYp7FrKnTRoktBYsx9SF,The Taylor Swift Holiday Collection,1g09DZjQ7yBommCT6POY2n,Christmases When You Were Mine,12/2/2008,0.625,0.206,7,-12.568,1,0.0285,0.646,0,0.0915,0.392,79.466,audio_features,1g09DZjQ7yBommCT6POY2n,spotify:track:1g09DZjQ7yBommCT6POY2n,https://api.spotify.com/v1/tracks/1g09DZjQ7yBommCT6POY2n,https://api.spotify.com/v1/audio-analysis/1g09DZjQ7yBommCT6POY2n,184253,4,30,G,Major,G Major,0:03:04
7vzYp7FrKnTRoktBYsx9SF,The Taylor Swift Holiday Collection,71IScwIe7bcIlpnlkbKVQw,Santa Baby,12/2/2008,0.759,0.509,5,-6.593,1,0.0271,0.159,0,0.153,0.75,107.948,audio_features,71IScwIe7bcIlpnlkbKVQw,spotify:track:71IScwIe7bcIlpnlkbKVQw,https://api.spotify.com/v1/tracks/71IScwIe7bcIlpnlkbKVQw,https://api.spotify.com/v1/audio-analysis/71IScwIe7bcIlpnlkbKVQw,158600,4,31,F,Major,F Major,0:02:39
7vzYp7FrKnTRoktBYsx9SF,The Taylor Swift Holiday Collection,1cJkUN5LAotktryx2nPCr7,Silent Night,12/2/2008,0.423,0.311,7,-7.581,1,0.0319,0.621,0,0.0987,0.134,119.546,audio_features,1cJkUN5LAotktryx2nPCr7,spotify:track:1cJkUN5LAotktryx2nPCr7,https://api.spotify.com/v1/tracks/1cJkUN5LAotktryx2nPCr7,https://api.spotify.com/v1/audio-analysis/1cJkUN5LAotktryx2nPCr7,209893,3,32,G,Major,G Major,0:03:30
7vzYp7FrKnTRoktBYsx9SF,The Taylor Swift Holiday Collection,31JVjy3XWnh6C2zf4kLCXN,Christmas Must Be Something More,12/2/2008,0.689,0.793,7,-4.838,1,0.0356,0.298,0,0.107,0.506,122.879,audio_features,31JVjy3XWnh6C2zf4kLCXN,spotify:track:31JVjy3XWnh6C2zf4kLCXN,https://api.spotify.com/v1/tracks/31JVjy3XWnh6C2zf4kLCXN,https://api.spotify.com/v1/audio-analysis/31JVjy3XWnh6C2zf4kLCXN,232147,4,33,G,Major,G Major,0:03:52
7vzYp7FrKnTRoktBYsx9SF,The Taylor Swift Holiday Collection,7GZ3KDorsc1yWndEtzGTjf,White Christmas,12/2/2008,0.562,0.392,9,-9.014,1,0.0287,0.587,0,0.224,0.514,145.792,audio_features,7GZ3KDorsc1yWndEtzGTjf,spotify:track:7GZ3KDorsc1yWndEtzGTjf,https://api.spotify.com/v1/tracks/7GZ3KDorsc1yWndEtzGTjf,https://api.spotify.com/v1/audio-analysis/7GZ3KDorsc1yWndEtzGTjf,154000,4,34,A,Major,A Major,0:02:34
5EpMjweRD573ASl7uNiHym,Speak Now (Deluxe Edition),6LZaxlycSWrJZ4Volb25qx,Mine,10/25/2010,0.624,0.757,7,-2.94,1,0.0296,0.00265,1.87E-06,0.189,0.658,121.07,audio_features,6LZaxlycSWrJZ4Volb25qx,spotify:track:6LZaxlycSWrJZ4Volb25qx,https://api.spotify.com/v1/tracks/6LZaxlycSWrJZ4Volb25qx,https://api.spotify.com/v1/audio-analysis/6LZaxlycSWrJZ4Volb25qx,230707,4,35,G,Major,G Major,0:03:51
5EpMjweRD573ASl7uNiHym,Speak Now (Deluxe Edition),1q8E1FfFuhd12c5JcJwPxQ,Sparks Fly,10/25/2010,0.605,0.787,5,-3.002,1,0.0308,0.0396,1.42E-06,0.163,0.374,114.987,audio_features,1q8E1FfFuhd12c5JcJwPxQ,spotify:track:1q8E1FfFuhd12c5JcJwPxQ,https://api.spotify.com/v1/tracks/1q8E1FfFuhd12c5JcJwPxQ,https://api.spotify.com/v1/audio-analysis/1q8E1FfFuhd12c5JcJwPxQ,260933,4,36,F,Major,F Major,0:04:21
5EpMjweRD573ASl7uNiHym,Speak Now (Deluxe Edition),7lxADouiWFkwR7ZV2GKUcH,Back To December,10/25/2010,0.529,0.67,2,-4.663,1,0.0303,0.117,0,0.334,0.286,141.893,audio_features,7lxADouiWFkwR7ZV2GKUcH,spotify:track:7lxADouiWFkwR7ZV2GKUcH,https://api.spotify.com/v1/tracks/7lxADouiWFkwR7ZV2GKUcH,https://api.spotify.com/v1/audio-analysis/7lxADouiWFkwR7ZV2GKUcH,293027,4,37,D,Major,D Major,0:04:53
5EpMjweRD573ASl7uNiHym,Speak Now (Deluxe Edition),1nYWTzy5zu3zEPNgB1sItW,Speak Now,10/25/2010,0.709,0.599,7,-3.734,1,0.0304,0.095,0,0.0973,0.735,118.975,audio_features,1nYWTzy5zu3zEPNgB1sItW,spotify:track:1nYWTzy5zu3zEPNgB1sItW,https://api.spotify.com/v1/tracks/1nYWTzy5zu3zEPNgB1sItW,https://api.spotify.com/v1/audio-analysis/1nYWTzy5zu3zEPNgB1sItW,240760,4,38,G,Major,G Major,0:04:01
5EpMjweRD573ASl7uNiHym,Speak Now (Deluxe Edition),1ubvV5ECkm6nSI6g1HmbBK,Dear John,10/25/2010,0.589,0.47,4,-5.32,1,0.028,0.166,1.45E-06,0.112,0.102,119.386,audio_features,1ubvV5ECkm6nSI6g1HmbBK,spotify:track:1ubvV5ECkm6nSI6g1HmbBK,https://api.spotify.com/v1/tracks/1ubvV5ECkm6nSI6g1HmbBK,https://api.spotify.com/v1/audio-analysis/1ubvV5ECkm6nSI6g1HmbBK,403920,3,39,D,Major,D Major,0:06:44
5EpMjweRD573ASl7uNiHym,Speak Now (Deluxe Edition),4N60XfcTE1ysLZGbYgnYXq,Mean,10/25/2010,0.568,0.761,4,-3.987,1,0.0459,0.452,0,0.217,0.789,163.974,audio_features,4N60XfcTE1ysLZGbYgnYXq,spotify:track:4N60XfcTE1ysLZGbYgnYXq,https://api.spotify.com/v1/tracks/4N60XfcTE1ysLZGbYgnYXq,https://api.spotify.com/v1/audio-analysis/4N60XfcTE1ysLZGbYgnYXq,237733,4,40,D,Major,D Major,0:03:58
5EpMjweRD573ASl7uNiHym,Speak Now (Deluxe Edition),19tHCfzUSoy5HkpxcmbA0A,The Story Of Us,10/25/2010,0.543,0.818,4,-3.611,1,0.0398,0.00478,0.000368,0.0357,0.683,139.898,audio_features,19tHCfzUSoy5HkpxcmbA0A,spotify:track:19tHCfzUSoy5HkpxcmbA0A,https://api.spotify.com/v1/tracks/19tHCfzUSoy5HkpxcmbA0A,https://api.spotify.com/v1/audio-analysis/19tHCfzUSoy5HkpxcmbA0A,265667,4,41,D,Major,D Major,0:04:26
5EpMjweRD573ASl7uNiHym,Speak Now (Deluxe Edition),74WBGgUnpKrJXt6TETfR6Z,Never Grow Up,10/25/2010,0.714,0.305,2,-8.837,1,0.0305,0.819,0,0.174,0.554,124.91,audio_features,74WBGgUnpKrJXt6TETfR6Z,spotify:track:74WBGgUnpKrJXt6TETfR6Z,https://api.spotify.com/v1/tracks/74WBGgUnpKrJXt6TETfR6Z,https://api.spotify.com/v1/audio-analysis/74WBGgUnpKrJXt6TETfR6Z,290467,4,42,D,Major,D Major,0:04:50
5EpMjweRD573ASl7uNiHym,Speak Now (Deluxe Edition),14LtANuaslKWyYbktUrHBU,Enchanted,10/25/2010,0.455,0.623,8,-3.878,1,0.0288,0.0739,0.000424,0.146,0.208,163.893,audio_features,14LtANuaslKWyYbktUrHBU,spotify:track:14LtANuaslKWyYbktUrHBU,https://api.spotify.com/v1/tracks/14LtANuaslKWyYbktUrHBU,https://api.spotify.com/v1/audio-analysis/14LtANuaslKWyYbktUrHBU,352187,4,43,Ab,Major,Ab Major,0:05:52
5EpMjweRD573ASl7uNiHym,Speak Now (Deluxe Edition),1By2VQkUN0Frd8mKNV5NYC,Better Than Revenge,10/25/2010,0.516,0.917,11,-3.186,0,0.0827,0.0139,6.37E-06,0.36,0.635,145.821,audio_features,1By2VQkUN0Frd8mKNV5NYC,spotify:track:1By2VQkUN0Frd8mKNV5NYC,https://api.spotify.com/v1/tracks/1By2VQkUN0Frd8mKNV5NYC,https://api.spotify.com/v1/audio-analysis/1By2VQkUN0Frd8mKNV5NYC,217160,4,44,B,minor,B minor,0:03:37
5EpMjweRD573ASl7uNiHym,Speak Now (Deluxe Edition),3kfgJql90tzgoxByioAMXR,Innocent,10/25/2010,0.552,0.608,1,-5.29,0,0.0259,0.186,0,0.125,0.17,134.05,audio_features,3kfgJql90tzgoxByioAMXR,spotify:track:3kfgJql90tzgoxByioAMXR,https://api.spotify.com/v1/tracks/3kfgJql90tzgoxByioAMXR,https://api.spotify.com/v1/audio-analysis/3kfgJql90tzgoxByioAMXR,302253,4,45,Db,minor,Db minor,0:05:02
5EpMjweRD573ASl7uNiHym,Speak Now (Deluxe Edition),11UaQaEp2LvdspTyyuE3ur,Haunted,10/25/2010,0.436,0.95,5,-2.627,1,0.057,0.0826,1.08E-06,0.149,0.352,162.088,audio_features,11UaQaEp2LvdspTyyuE3ur,spotify:track:11UaQaEp2LvdspTyyuE3ur,https://api.spotify.com/v1/tracks/11UaQaEp2LvdspTyyuE3ur,https://api.spotify.com/v1/audio-analysis/11UaQaEp2LvdspTyyuE3ur,242080,4,46,F,Major,F Major,0:04:02
5EpMjweRD573ASl7uNiHym,Speak Now (Deluxe Edition),1D27z8xNzjW0Mwwt1NCWhJ,Last Kiss,10/25/2010,0.371,0.341,10,-9.475,1,0.0319,0.57,3.09E-05,0.101,0.196,89.038,audio_features,1D27z8xNzjW0Mwwt1NCWhJ,spotify:track:1D27z8xNzjW0Mwwt1NCWhJ,https://api.spotify.com/v1/tracks/1D27z8xNzjW0Mwwt1NCWhJ,https://api.spotify.com/v1/audio-analysis/1D27z8xNzjW0Mwwt1NCWhJ,367133,1,47,Bb,Major,Bb Major,0:06:07
5EpMjweRD573ASl7uNiHym,Speak Now (Deluxe Edition),7DjCRhhFo9PPzca1BjMLcf,Long Live,10/25/2010,0.418,0.68,7,-4.3,1,0.0347,0.036,7.59E-05,0.114,0.142,204.12,audio_features,7DjCRhhFo9PPzca1BjMLcf,spotify:track:7DjCRhhFo9PPzca1BjMLcf,https://api.spotify.com/v1/tracks/7DjCRhhFo9PPzca1BjMLcf,https://api.spotify.com/v1/audio-analysis/7DjCRhhFo9PPzca1BjMLcf,317453,4,48,G,Major,G Major,0:05:17
5EpMjweRD573ASl7uNiHym,Speak Now (Deluxe Edition),1EQn3Uc5AyUXoiPLeyCrrg,Ours,10/25/2010,0.608,0.569,0,-7.227,1,0.0284,0.537,0,0.097,0.238,159.845,audio_features,1EQn3Uc5AyUXoiPLeyCrrg,spotify:track:1EQn3Uc5AyUXoiPLeyCrrg,https://api.spotify.com/v1/tracks/1EQn3Uc5AyUXoiPLeyCrrg,https://api.spotify.com/v1/audio-analysis/1EQn3Uc5AyUXoiPLeyCrrg,237920,4,49,C,Major,C Major,0:03:58
5EpMjweRD573ASl7uNiHym,Speak Now (Deluxe Edition),0vvt4IZOMkRug195S4MUq0,If This Was A Movie,10/25/2010,0.511,0.719,4,-3.457,1,0.0265,0.166,4.54E-06,0.34,0.289,147.852,audio_features,0vvt4IZOMkRug195S4MUq0,spotify:track:0vvt4IZOMkRug195S4MUq0,https://api.spotify.com/v1/tracks/0vvt4IZOMkRug195S4MUq0,https://api.spotify.com/v1/audio-analysis/0vvt4IZOMkRug195S4MUq0,234547,4,50,D,Major,D Major,0:03:55
5EpMjweRD573ASl7uNiHym,Speak Now (Deluxe Edition),2R7C9dDqv1UPycvepBFziA,Superman,10/25/2010,0.582,0.765,7,-3.648,1,0.0324,0.0268,1.95E-06,0.103,0.559,131.982,audio_features,2R7C9dDqv1UPycvepBFziA,spotify:track:2R7C9dDqv1UPycvepBFziA,https://api.spotify.com/v1/tracks/2R7C9dDqv1UPycvepBFziA,https://api.spotify.com/v1/audio-analysis/2R7C9dDqv1UPycvepBFziA,275960,4,51,G,Major,G Major,0:04:36
5EpMjweRD573ASl7uNiHym,Speak Now (Deluxe Edition),6IH2Z54gYPLqgJtxZjX80i,Back To December - Acoustic Version,10/25/2010,0.541,0.453,2,-6.459,1,0.0266,0.748,0,0.2,0.377,141.757,audio_features,6IH2Z54gYPLqgJtxZjX80i,spotify:track:6IH2Z54gYPLqgJtxZjX80i,https://api.spotify.com/v1/tracks/6IH2Z54gYPLqgJtxZjX80i,https://api.spotify.com/v1/audio-analysis/6IH2Z54gYPLqgJtxZjX80i,292560,4,52,D,Major,D Major,0:04:53
5EpMjweRD573ASl7uNiHym,Speak Now (Deluxe Edition),62rlxI6g2PNaWsHoiRryto,Haunted - Acoustic Version,10/25/2010,0.563,0.443,5,-5.078,1,0.0247,0.842,0,0.293,0.313,80.962,audio_features,62rlxI6g2PNaWsHoiRryto,spotify:track:62rlxI6g2PNaWsHoiRryto,https://api.spotify.com/v1/tracks/62rlxI6g2PNaWsHoiRryto,https://api.spotify.com/v1/audio-analysis/62rlxI6g2PNaWsHoiRryto,217613,4,53,F,Major,F Major,0:03:38
5EpMjweRD573ASl7uNiHym,Speak Now (Deluxe Edition),0fAbfDiuQiUwV7FUcFfRGY,Mine - POP Mix,10/25/2010,0.695,0.723,7,-3.806,1,0.0285,0.00727,1.20E-06,0.1,0.679,121.011,audio_features,0fAbfDiuQiUwV7FUcFfRGY,spotify:track:0fAbfDiuQiUwV7FUcFfRGY,https://api.spotify.com/v1/tracks/0fAbfDiuQiUwV7FUcFfRGY,https://api.spotify.com/v1/audio-analysis/0fAbfDiuQiUwV7FUcFfRGY,230333,4,54,G,Major,G Major,0:03:50
1KlU96Hw9nlvqpBPlSqcTV,Red (Deluxe Edition),5zyCYmiaVE5y26EZuwZbsw,State Of Grace,10/22/2012,0.584,0.834,4,-5.872,1,0.0321,0.000166,0.00121,0.0906,0.42,129.958,audio_features,5zyCYmiaVE5y26EZuwZbsw,spotify:track:5zyCYmiaVE5y26EZuwZbsw,https://api.spotify.com/v1/tracks/5zyCYmiaVE5y26EZuwZbsw,https://api.spotify.com/v1/audio-analysis/5zyCYmiaVE5y26EZuwZbsw,295187,4,55,D,Major,D Major,0:04:55
1KlU96Hw9nlvqpBPlSqcTV,Red (Deluxe Edition),1RvQQGwaPipiNgz8RXAKA8,Red,10/22/2012,0.609,0.888,1,-4.183,0,0.0466,0.0856,0.000142,0.0924,0.623,124.966,audio_features,1RvQQGwaPipiNgz8RXAKA8,spotify:track:1RvQQGwaPipiNgz8RXAKA8,https://api.spotify.com/v1/tracks/1RvQQGwaPipiNgz8RXAKA8,https://api.spotify.com/v1/audio-analysis/1RvQQGwaPipiNgz8RXAKA8,220827,4,56,Db,minor,Db minor,0:03:41
1KlU96Hw9nlvqpBPlSqcTV,Red (Deluxe Edition),0XfOV7qY3834QpFVwOb6CC,Treacherous,10/22/2012,0.7,0.609,2,-8.212,1,0.0322,0.0852,5.25E-06,0.144,0.392,109.98,audio_features,0XfOV7qY3834QpFVwOb6CC,spotify:track:0XfOV7qY3834QpFVwOb6CC,https://api.spotify.com/v1/tracks/0XfOV7qY3834QpFVwOb6CC,https://api.spotify.com/v1/audio-analysis/0XfOV7qY3834QpFVwOb6CC,240773,4,57,D,Major,D Major,0:04:01
1KlU96Hw9nlvqpBPlSqcTV,Red (Deluxe Edition),0ciHz919LVKoH4zgxyMPZ9,I Knew You Were Trouble.,10/22/2012,0.599,0.466,6,-6.756,1,0.0394,0.00577,1.25E-06,0.0434,0.647,154.031,audio_features,0ciHz919LVKoH4zgxyMPZ9,spotify:track:0ciHz919LVKoH4zgxyMPZ9,https://api.spotify.com/v1/tracks/0ciHz919LVKoH4zgxyMPZ9,https://api.spotify.com/v1/audio-analysis/0ciHz919LVKoH4zgxyMPZ9,217973,4,58,Gb,Major,Gb Major,0:03:38
1KlU96Hw9nlvqpBPlSqcTV,Red (Deluxe Edition),1q3RiD1tIWUpGsNFADMlvl,All Too Well,10/22/2012,0.6,0.631,0,-7.783,1,0.0255,0.0398,0.000469,0.128,0.314,93.04,audio_features,1q3RiD1tIWUpGsNFADMlvl,spotify:track:1q3RiD1tIWUpGsNFADMlvl,https://api.spotify.com/v1/tracks/1q3RiD1tIWUpGsNFADMlvl,https://api.spotify.com/v1/audio-analysis/1q3RiD1tIWUpGsNFADMlvl,327893,4,59,C,Major,C Major,0:05:28
1KlU96Hw9nlvqpBPlSqcTV,Red (Deluxe Edition),3bIxTsfeNMO7Nt2J3EUKrA,22,10/22/2012,0.664,0.739,7,-6.539,1,0.0377,0.0027,0.00273,0.0742,0.703,104.012,audio_features,3bIxTsfeNMO7Nt2J3EUKrA,spotify:track:3bIxTsfeNMO7Nt2J3EUKrA,https://api.spotify.com/v1/tracks/3bIxTsfeNMO7Nt2J3EUKrA,https://api.spotify.com/v1/audio-analysis/3bIxTsfeNMO7Nt2J3EUKrA,230133,4,60,G,Major,G Major,0:03:50
1KlU96Hw9nlvqpBPlSqcTV,Red (Deluxe Edition),31pEV5lPJi7btskZoUr2yu,I Almost Do,10/22/2012,0.566,0.484,4,-7.191,1,0.0274,0.0203,0.000147,0.171,0.22,145.977,audio_features,31pEV5lPJi7btskZoUr2yu,spotify:track:31pEV5lPJi7btskZoUr2yu,https://api.spotify.com/v1/tracks/31pEV5lPJi7btskZoUr2yu,https://api.spotify.com/v1/audio-analysis/31pEV5lPJi7btskZoUr2yu,242573,4,61,D,Major,D Major,0:04:03
1KlU96Hw9nlvqpBPlSqcTV,Red (Deluxe Edition),1OYARuagDrpgNNQ4loO1Cs,We Are Never Ever Getting Back Together,10/22/2012,0.526,0.682,7,-5.841,1,0.158,0.00934,1.87E-05,0.0936,0.755,172.095,audio_features,1OYARuagDrpgNNQ4loO1Cs,spotify:track:1OYARuagDrpgNNQ4loO1Cs,https://api.spotify.com/v1/tracks/1OYARuagDrpgNNQ4loO1Cs,https://api.spotify.com/v1/audio-analysis/1OYARuagDrpgNNQ4loO1Cs,191880,4,62,G,Major,G Major,0:03:12
1KlU96Hw9nlvqpBPlSqcTV,Red (Deluxe Edition),1x0J8LFX23d5h1zzuzZorc,Stay Stay Stay,10/22/2012,0.727,0.753,0,-6.655,1,0.0244,0.301,1.50E-06,0.0811,0.904,100.114,audio_features,1x0J8LFX23d5h1zzuzZorc,spotify:track:1x0J8LFX23d5h1zzuzZorc,https://api.spotify.com/v1/tracks/1x0J8LFX23d5h1zzuzZorc,https://api.spotify.com/v1/audio-analysis/1x0J8LFX23d5h1zzuzZorc,204827,4,63,C,Major,C Major,0:03:25
1KlU96Hw9nlvqpBPlSqcTV,Red (Deluxe Edition),7vvIpJZye5cRR6De1LKM0m,The Last Time,10/22/2012,0.5,0.458,2,-7.033,1,0.0269,0.0368,5.55E-06,0.0897,0.132,93.987,audio_features,7vvIpJZye5cRR6De1LKM0m,spotify:track:7vvIpJZye5cRR6De1LKM0m,https://api.spotify.com/v1/tracks/7vvIpJZye5cRR6De1LKM0m,https://api.spotify.com/v1/audio-analysis/7vvIpJZye5cRR6De1LKM0m,298293,4,64,D,Major,D Major,0:04:58
1KlU96Hw9nlvqpBPlSqcTV,Red (Deluxe Edition),5d2Kn9oAAh9S2EbyCo1i52,Holy Ground,10/22/2012,0.616,0.822,9,-6.668,1,0.0758,0.0121,0.000757,0.0977,0.636,157.005,audio_features,5d2Kn9oAAh9S2EbyCo1i52,spotify:track:5d2Kn9oAAh9S2EbyCo1i52,https://api.spotify.com/v1/tracks/5d2Kn9oAAh9S2EbyCo1i52,https://api.spotify.com/v1/audio-analysis/5d2Kn9oAAh9S2EbyCo1i52,201853,4,65,A,Major,A Major,0:03:22
1KlU96Hw9nlvqpBPlSqcTV,Red (Deluxe Edition),5QKhg4r4Ibt0LVTmWEXTEg,Sad Beautiful Tragic,10/22/2012,0.625,0.345,7,-12.378,1,0.029,0.627,0.0281,0.127,0.24,129.974,audio_features,5QKhg4r4Ibt0LVTmWEXTEg,spotify:track:5QKhg4r4Ibt0LVTmWEXTEg,https://api.spotify.com/v1/tracks/5QKhg4r4Ibt0LVTmWEXTEg,https://api.spotify.com/v1/audio-analysis/5QKhg4r4Ibt0LVTmWEXTEg,283680,3,66,G,Major,G Major,0:04:44
1KlU96Hw9nlvqpBPlSqcTV,Red (Deluxe Edition),2wtHlpYSgC7xEdD3DrSHNL,The Lucky One,10/22/2012,0.708,0.515,4,-7.588,1,0.0364,0.0315,0,0.132,0.521,117.92,audio_features,2wtHlpYSgC7xEdD3DrSHNL,spotify:track:2wtHlpYSgC7xEdD3DrSHNL,https://api.spotify.com/v1/tracks/2wtHlpYSgC7xEdD3DrSHNL,https://api.spotify.com/v1/audio-analysis/2wtHlpYSgC7xEdD3DrSHNL,240133,4,67,D,Major,D Major,0:04:00
1KlU96Hw9nlvqpBPlSqcTV,Red (Deluxe Edition),7gdwoOmi258QJq0hmQ4hto,Everything Has Changed,10/22/2012,0.471,0.47,6,-6.626,1,0.0297,0.372,1.83E-06,0.333,0.451,79.539,audio_features,7gdwoOmi258QJq0hmQ4hto,spotify:track:7gdwoOmi258QJq0hmQ4hto,https://api.spotify.com/v1/tracks/7gdwoOmi258QJq0hmQ4hto,https://api.spotify.com/v1/audio-analysis/7gdwoOmi258QJq0hmQ4hto,243933,4,68,Gb,Major,Gb Major,0:04:04
1KlU96Hw9nlvqpBPlSqcTV,Red (Deluxe Edition),0vqI4ZIMuifeKeItGiWbPj,Starlight,10/22/2012,0.648,0.782,9,-5.779,1,0.0394,0.0182,0.000244,0.198,0.637,125.997,audio_features,0vqI4ZIMuifeKeItGiWbPj,spotify:track:0vqI4ZIMuifeKeItGiWbPj,https://api.spotify.com/v1/tracks/0vqI4ZIMuifeKeItGiWbPj,https://api.spotify.com/v1/audio-analysis/0vqI4ZIMuifeKeItGiWbPj,217827,4,69,A,Major,A Major,0:03:38
1KlU96Hw9nlvqpBPlSqcTV,Red (Deluxe Edition),48A0aShHlovDfTMucMrE66,Begin Again,10/22/2012,0.522,0.531,7,-8.237,1,0.0276,0.234,5.05E-06,0.237,0.344,79.055,audio_features,48A0aShHlovDfTMucMrE66,spotify:track:48A0aShHlovDfTMucMrE66,https://api.spotify.com/v1/tracks/48A0aShHlovDfTMucMrE66,https://api.spotify.com/v1/audio-analysis/48A0aShHlovDfTMucMrE66,237613,4,70,G,Major,G Major,0:03:58
1KlU96Hw9nlvqpBPlSqcTV,Red (Deluxe Edition),5AsmAjBSSQjRPWgAYIp8tm,The Moment I Knew,10/22/2012,0.62,0.521,7,-7.217,1,0.0315,0.157,3.90E-06,0.0997,0.281,125.941,audio_features,5AsmAjBSSQjRPWgAYIp8tm,spotify:track:5AsmAjBSSQjRPWgAYIp8tm,https://api.spotify.com/v1/tracks/5AsmAjBSSQjRPWgAYIp8tm,https://api.spotify.com/v1/audio-analysis/5AsmAjBSSQjRPWgAYIp8tm,285560,4,71,G,Major,G Major,0:04:46
1KlU96Hw9nlvqpBPlSqcTV,Red (Deluxe Edition),4qyalTRMRH5YuEntvvMvq0,Come Back...Be Here,10/22/2012,0.486,0.563,4,-6.328,1,0.0271,0.0051,2.81E-06,0.105,0.232,79.876,audio_features,4qyalTRMRH5YuEntvvMvq0,spotify:track:4qyalTRMRH5YuEntvvMvq0,https://api.spotify.com/v1/tracks/4qyalTRMRH5YuEntvvMvq0,https://api.spotify.com/v1/audio-analysis/4qyalTRMRH5YuEntvvMvq0,222707,4,72,D,Major,D Major,0:03:43
1KlU96Hw9nlvqpBPlSqcTV,Red (Deluxe Edition),6cf6rLb8qcklvJv90W6HCW,Girl At Home,10/22/2012,0.73,0.587,5,-5.815,1,0.0283,0.306,0,0.143,0.649,125.07,audio_features,6cf6rLb8qcklvJv90W6HCW,spotify:track:6cf6rLb8qcklvJv90W6HCW,https://api.spotify.com/v1/tracks/6cf6rLb8qcklvJv90W6HCW,https://api.spotify.com/v1/audio-analysis/6cf6rLb8qcklvJv90W6HCW,220320,4,73,F,Major,F Major,0:03:40
1KlU96Hw9nlvqpBPlSqcTV,Red (Deluxe Edition),7BT9K9BDqq6HI2oWH5UMZQ,Treacherous - Original Demo Recording,10/22/2012,0.822,0.618,2,-8.166,1,0.0349,0.18,0.000188,0.123,0.575,109.98,audio_features,7BT9K9BDqq6HI2oWH5UMZQ,spotify:track:7BT9K9BDqq6HI2oWH5UMZQ,https://api.spotify.com/v1/tracks/7BT9K9BDqq6HI2oWH5UMZQ,https://api.spotify.com/v1/audio-analysis/7BT9K9BDqq6HI2oWH5UMZQ,239720,4,74,D,Major,D Major,0:04:00
1KlU96Hw9nlvqpBPlSqcTV,Red (Deluxe Edition),4mqgn90sCeVSYqcoftTQTd,Red - Original Demo Recording,10/22/2012,0.681,0.905,1,-4.592,0,0.036,0.104,0.000143,0.0714,0.631,125.004,audio_features,4mqgn90sCeVSYqcoftTQTd,spotify:track:4mqgn90sCeVSYqcoftTQTd,https://api.spotify.com/v1/tracks/4mqgn90sCeVSYqcoftTQTd,https://api.spotify.com/v1/audio-analysis/4mqgn90sCeVSYqcoftTQTd,226280,4,75,Db,minor,Db minor,0:03:46
1KlU96Hw9nlvqpBPlSqcTV,Red (Deluxe Edition),5G9AVKld9q7DCrmoY42raf,State Of Grace - Acoustic Version,10/22/2012,0.635,0.121,7,-15.795,1,0.0307,0.688,0.000383,0.124,0.0663,104.798,audio_features,5G9AVKld9q7DCrmoY42raf,spotify:track:5G9AVKld9q7DCrmoY42raf,https://api.spotify.com/v1/tracks/5G9AVKld9q7DCrmoY42raf,https://api.spotify.com/v1/audio-analysis/5G9AVKld9q7DCrmoY42raf,323080,4,76,G,Major,G Major,0:05:23
34OkZVpuzBa9y40DCy0LPR,1989 (Deluxe Edition),33Kq0AT5rvwyE4azisG08x,Welcome To New York,10/27/2014,0.789,0.634,7,-4.762,1,0.0323,0.0348,1.64E-06,0.302,0.658,116.992,audio_features,33Kq0AT5rvwyE4azisG08x,spotify:track:33Kq0AT5rvwyE4azisG08x,https://api.spotify.com/v1/tracks/33Kq0AT5rvwyE4azisG08x,https://api.spotify.com/v1/audio-analysis/33Kq0AT5rvwyE4azisG08x,212600,4,77,G,Major,G Major,0:03:33
34OkZVpuzBa9y40DCy0LPR,1989 (Deluxe Edition),2sC2P3BN0IXujNaaSyDmtP,Blank Space,10/27/2014,0.76,0.703,5,-5.412,1,0.054,0.103,0,0.0913,0.57,95.997,audio_features,2sC2P3BN0IXujNaaSyDmtP,spotify:track:2sC2P3BN0IXujNaaSyDmtP,https://api.spotify.com/v1/tracks/2sC2P3BN0IXujNaaSyDmtP,https://api.spotify.com/v1/audio-analysis/2sC2P3BN0IXujNaaSyDmtP,231827,4,78,F,Major,F Major,0:03:52
34OkZVpuzBa9y40DCy0LPR,1989 (Deluxe Edition),1fo2ctLqj3zBhRQKOXprol,Style,10/27/2014,0.588,0.791,7,-5.595,1,0.0402,0.00245,0.00258,0.118,0.487,94.933,audio_features,1fo2ctLqj3zBhRQKOXprol,spotify:track:1fo2ctLqj3zBhRQKOXprol,https://api.spotify.com/v1/tracks/1fo2ctLqj3zBhRQKOXprol,https://api.spotify.com/v1/audio-analysis/1fo2ctLqj3zBhRQKOXprol,231000,4,79,G,Major,G Major,0:03:51
34OkZVpuzBa9y40DCy0LPR,1989 (Deluxe Edition),6Nde5KuTXyB7jlPO4upaBo,Out Of The Woods,10/27/2014,0.553,0.841,7,-6.937,1,0.0396,0.000743,1.19E-05,0.341,0.338,92.008,audio_features,6Nde5KuTXyB7jlPO4upaBo,spotify:track:6Nde5KuTXyB7jlPO4upaBo,https://api.spotify.com/v1/tracks/6Nde5KuTXyB7jlPO4upaBo,https://api.spotify.com/v1/audio-analysis/6Nde5KuTXyB7jlPO4upaBo,235800,4,80,G,Major,G Major,0:03:56
34OkZVpuzBa9y40DCy0LPR,1989 (Deluxe Edition),0lmMtDQ2ElasKU2qDAE6NN,All You Had To Do Was Stay,10/27/2014,0.605,0.725,5,-5.729,1,0.0323,0.00201,2.02E-05,0.101,0.539,96.97,audio_features,0lmMtDQ2ElasKU2qDAE6NN,spotify:track:0lmMtDQ2ElasKU2qDAE6NN,https://api.spotify.com/v1/tracks/0lmMtDQ2ElasKU2qDAE6NN,https://api.spotify.com/v1/audio-analysis/0lmMtDQ2ElasKU2qDAE6NN,193293,4,81,F,Major,F Major,0:03:13
34OkZVpuzBa9y40DCy0LPR,1989 (Deluxe Edition),3fthfkkvy9av3q3uAGVf7U,Shake It Off,10/27/2014,0.647,0.8,7,-5.384,1,0.165,0.0647,0,0.334,0.942,160.078,audio_features,3fthfkkvy9av3q3uAGVf7U,spotify:track:3fthfkkvy9av3q3uAGVf7U,https://api.spotify.com/v1/tracks/3fthfkkvy9av3q3uAGVf7U,https://api.spotify.com/v1/audio-analysis/3fthfkkvy9av3q3uAGVf7U,219200,4,82,G,Major,G Major,0:03:39
34OkZVpuzBa9y40DCy0LPR,1989 (Deluxe Edition),1B5VzXPqMlvRw0U4HJY3dJ,I Wish You Would,10/27/2014,0.653,0.893,0,-5.966,1,0.0538,0.0158,4.95E-05,0.102,0.513,118.035,audio_features,1B5VzXPqMlvRw0U4HJY3dJ,spotify:track:1B5VzXPqMlvRw0U4HJY3dJ,https://api.spotify.com/v1/tracks/1B5VzXPqMlvRw0U4HJY3dJ,https://api.spotify.com/v1/audio-analysis/1B5VzXPqMlvRw0U4HJY3dJ,207440,4,83,C,Major,C Major,0:03:27
34OkZVpuzBa9y40DCy0LPR,1989 (Deluxe Edition),0yN4fNzmVnmgC0dsOoi9Wh,Bad Blood,10/27/2014,0.646,0.794,7,-6.104,1,0.19,0.0885,6.16E-06,0.201,0.287,170.216,audio_features,0yN4fNzmVnmgC0dsOoi9Wh,spotify:track:0yN4fNzmVnmgC0dsOoi9Wh,https://api.spotify.com/v1/tracks/0yN4fNzmVnmgC0dsOoi9Wh,https://api.spotify.com/v1/audio-analysis/0yN4fNzmVnmgC0dsOoi9Wh,211933,4,84,G,Major,G Major,0:03:32
34OkZVpuzBa9y40DCy0LPR,1989 (Deluxe Edition),106R7Z57WYzBAfrXImV30y,Wildest Dreams,10/27/2014,0.55,0.688,8,-7.416,1,0.0897,0.0692,0.00144,0.106,0.465,139.997,audio_features,106R7Z57WYzBAfrXImV30y,spotify:track:106R7Z57WYzBAfrXImV30y,https://api.spotify.com/v1/tracks/106R7Z57WYzBAfrXImV30y,https://api.spotify.com/v1/audio-analysis/106R7Z57WYzBAfrXImV30y,220440,4,85,Ab,Major,Ab Major,0:03:40
34OkZVpuzBa9y40DCy0LPR,1989 (Deluxe Edition),6wfugRLamFsTRbPcCpNnP7,How You Get The Girl,10/27/2014,0.765,0.656,5,-6.112,1,0.0504,0.00364,0.00868,0.0918,0.545,119.997,audio_features,6wfugRLamFsTRbPcCpNnP7,spotify:track:6wfugRLamFsTRbPcCpNnP7,https://api.spotify.com/v1/tracks/6wfugRLamFsTRbPcCpNnP7,https://api.spotify.com/v1/audio-analysis/6wfugRLamFsTRbPcCpNnP7,247533,4,86,F,Major,F Major,0:04:08
34OkZVpuzBa9y40DCy0LPR,1989 (Deluxe Edition),1kTPQnabROVkW9bUXdCGrB,This Love,10/27/2014,0.481,0.435,4,-8.795,1,0.0321,0.678,0,0.0928,0.107,143.95,audio_features,1kTPQnabROVkW9bUXdCGrB,spotify:track:1kTPQnabROVkW9bUXdCGrB,https://api.spotify.com/v1/tracks/1kTPQnabROVkW9bUXdCGrB,https://api.spotify.com/v1/audio-analysis/1kTPQnabROVkW9bUXdCGrB,250093,4,87,D,Major,D Major,0:04:10
34OkZVpuzBa9y40DCy0LPR,1989 (Deluxe Edition),2zfgVd034GlUvk7LqBHl6u,I Know Places,10/27/2014,0.602,0.755,0,-4.991,1,0.071,0.245,0,0.178,0.495,159.965,audio_features,2zfgVd034GlUvk7LqBHl6u,spotify:track:2zfgVd034GlUvk7LqBHl6u,https://api.spotify.com/v1/tracks/2zfgVd034GlUvk7LqBHl6u,https://api.spotify.com/v1/audio-analysis/2zfgVd034GlUvk7LqBHl6u,195707,4,88,C,Major,C Major,0:03:16
34OkZVpuzBa9y40DCy0LPR,1989 (Deluxe Edition),4bXCcoesMt8u99xMsbLr9U,Clean,10/27/2014,0.815,0.377,4,-7.754,1,0.0346,0.232,0,0.1,0.211,103.97,audio_features,4bXCcoesMt8u99xMsbLr9U,spotify:track:4bXCcoesMt8u99xMsbLr9U,https://api.spotify.com/v1/tracks/4bXCcoesMt8u99xMsbLr9U,https://api.spotify.com/v1/audio-analysis/4bXCcoesMt8u99xMsbLr9U,271000,4,89,D,Major,D Major,0:04:31
34OkZVpuzBa9y40DCy0LPR,1989 (Deluxe Edition),6iWMI5oOhWrDbLbjmwTWFq,Wonderland,10/27/2014,0.422,0.692,3,-5.447,1,0.0549,0.0493,2.57E-05,0.177,0.197,184.014,audio_features,6iWMI5oOhWrDbLbjmwTWFq,spotify:track:6iWMI5oOhWrDbLbjmwTWFq,https://api.spotify.com/v1/tracks/6iWMI5oOhWrDbLbjmwTWFq,https://api.spotify.com/v1/audio-analysis/6iWMI5oOhWrDbLbjmwTWFq,245560,4,90,Eb,Major,Eb Major,0:04:06
34OkZVpuzBa9y40DCy0LPR,1989 (Deluxe Edition),4A2LfnduSTsE8u0ecYROxE,You Are In Love,10/27/2014,0.474,0.48,2,-8.894,1,0.0622,0.707,0.000108,0.0903,0.319,170.109,audio_features,4A2LfnduSTsE8u0ecYROxE,spotify:track:4A2LfnduSTsE8u0ecYROxE,https://api.spotify.com/v1/tracks/4A2LfnduSTsE8u0ecYROxE,https://api.spotify.com/v1/audio-analysis/4A2LfnduSTsE8u0ecYROxE,267107,4,91,D,Major,D Major,0:04:27
34OkZVpuzBa9y40DCy0LPR,1989 (Deluxe Edition),6rZVy6FIG7lSJQMFXHo12z,New Romantics,10/27/2014,0.633,0.889,5,-5.87,1,0.0715,0.00463,0.000458,0.0658,0.584,121.956,audio_features,6rZVy6FIG7lSJQMFXHo12z,spotify:track:6rZVy6FIG7lSJQMFXHo12z,https://api.spotify.com/v1/tracks/6rZVy6FIG7lSJQMFXHo12z,https://api.spotify.com/v1/audio-analysis/6rZVy6FIG7lSJQMFXHo12z,230467,4,92,F,Major,F Major,0:03:50
6DEjYFkNZh67HP7R9PSZvv,reputation,2yLa0QULdQr0qAIvVwN6B5,...Ready For It?,11/10/2017,0.613,0.764,2,-6.509,1,0.136,0.0527,0,0.197,0.417,160.015,audio_features,2yLa0QULdQr0qAIvVwN6B5,spotify:track:2yLa0QULdQr0qAIvVwN6B5,https://api.spotify.com/v1/tracks/2yLa0QULdQr0qAIvVwN6B5,https://api.spotify.com/v1/audio-analysis/2yLa0QULdQr0qAIvVwN6B5,208187,4,93,D,Major,D Major,0:03:28
6DEjYFkNZh67HP7R9PSZvv,reputation,2x0WlnmfG39ZuDmstl9xfX,End Game,11/10/2017,0.649,0.589,2,-6.237,1,0.0558,0.00845,0,0.108,0.151,159.073,audio_features,2x0WlnmfG39ZuDmstl9xfX,spotify:track:2x0WlnmfG39ZuDmstl9xfX,https://api.spotify.com/v1/tracks/2x0WlnmfG39ZuDmstl9xfX,https://api.spotify.com/v1/audio-analysis/2x0WlnmfG39ZuDmstl9xfX,244827,4,94,D,Major,D Major,0:04:05
6DEjYFkNZh67HP7R9PSZvv,reputation,4svZDCRz4cJoneBpjpx8DJ,I Did Something Bad,11/10/2017,0.696,0.602,0,-6.156,0,0.159,0.0679,2.11E-05,0.0696,0.305,82.989,audio_features,4svZDCRz4cJoneBpjpx8DJ,spotify:track:4svZDCRz4cJoneBpjpx8DJ,https://api.spotify.com/v1/tracks/4svZDCRz4cJoneBpjpx8DJ,https://api.spotify.com/v1/audio-analysis/4svZDCRz4cJoneBpjpx8DJ,238253,4,95,C,minor,C minor,0:03:58
6DEjYFkNZh67HP7R9PSZvv,reputation,1R0a2iXumgCiFb7HEZ7gUE,Don’t Blame Me,11/10/2017,0.615,0.534,9,-6.719,0,0.0386,0.106,1.76E-05,0.0607,0.193,135.917,audio_features,1R0a2iXumgCiFb7HEZ7gUE,spotify:track:1R0a2iXumgCiFb7HEZ7gUE,https://api.spotify.com/v1/tracks/1R0a2iXumgCiFb7HEZ7gUE,https://api.spotify.com/v1/audio-analysis/1R0a2iXumgCiFb7HEZ7gUE,236413,4,96,A,minor,A minor,0:03:56
6DEjYFkNZh67HP7R9PSZvv,reputation,6NFyWDv5CjfwuzoCkw47Xf,Delicate,11/10/2017,0.75,0.404,9,-10.178,0,0.0682,0.216,0.000357,0.0911,0.0499,95.045,audio_features,6NFyWDv5CjfwuzoCkw47Xf,spotify:track:6NFyWDv5CjfwuzoCkw47Xf,https://api.spotify.com/v1/tracks/6NFyWDv5CjfwuzoCkw47Xf,https://api.spotify.com/v1/audio-analysis/6NFyWDv5CjfwuzoCkw47Xf,232253,4,97,A,minor,A minor,0:03:52
6DEjYFkNZh67HP7R9PSZvv,reputation,1P17dC1amhFzptugyAO7Il,Look What You Made Me Do,11/10/2017,0.766,0.709,9,-6.471,0,0.123,0.204,1.41E-05,0.126,0.506,128.07,audio_features,1P17dC1amhFzptugyAO7Il,spotify:track:1P17dC1amhFzptugyAO7Il,https://api.spotify.com/v1/tracks/1P17dC1amhFzptugyAO7Il,https://api.spotify.com/v1/audio-analysis/1P17dC1amhFzptugyAO7Il,211853,4,98,A,minor,A minor,0:03:32
6DEjYFkNZh67HP7R9PSZvv,reputation,5PxFv9yJEg9dxvbZggykro,So It Goes...,11/10/2017,0.574,0.61,2,-7.283,1,0.0732,0.122,1.10E-06,0.13,0.374,74.957,audio_features,5PxFv9yJEg9dxvbZggykro,spotify:track:5PxFv9yJEg9dxvbZggykro,https://api.spotify.com/v1/tracks/5PxFv9yJEg9dxvbZggykro,https://api.spotify.com/v1/audio-analysis/5PxFv9yJEg9dxvbZggykro,227907,4,99,D,Major,D Major,0:03:48
6DEjYFkNZh67HP7R9PSZvv,reputation,1ZY1PqizIl78geGM4xWlEA,Gorgeous,11/10/2017,0.8,0.535,7,-6.684,1,0.135,0.0713,9.48E-06,0.213,0.451,92.027,audio_features,1ZY1PqizIl78geGM4xWlEA,spotify:track:1ZY1PqizIl78geGM4xWlEA,https://api.spotify.com/v1/tracks/1ZY1PqizIl78geGM4xWlEA,https://api.spotify.com/v1/audio-analysis/1ZY1PqizIl78geGM4xWlEA,209680,4,100,G,Major,G Major,0:03:30
6DEjYFkNZh67HP7R9PSZvv,reputation,0VE4kBnHJUgtMf0dy6DRmW,Getaway Car,11/10/2017,0.562,0.689,2,-6.745,1,0.127,0.00465,2.23E-06,0.0888,0.351,172.054,audio_features,0VE4kBnHJUgtMf0dy6DRmW,spotify:track:0VE4kBnHJUgtMf0dy6DRmW,https://api.spotify.com/v1/tracks/0VE4kBnHJUgtMf0dy6DRmW,https://api.spotify.com/v1/audio-analysis/0VE4kBnHJUgtMf0dy6DRmW,233627,4,101,D,Major,D Major,0:03:54
6DEjYFkNZh67HP7R9PSZvv,reputation,7HuBDWi18s4aJM8UFnNheH,King Of My Heart,11/10/2017,0.675,0.703,0,-7.902,1,0.0382,0.00882,2.21E-06,0.0391,0.314,110.01,audio_features,7HuBDWi18s4aJM8UFnNheH,spotify:track:7HuBDWi18s4aJM8UFnNheH,https://api.spotify.com/v1/tracks/7HuBDWi18s4aJM8UFnNheH,https://api.spotify.com/v1/audio-analysis/7HuBDWi18s4aJM8UFnNheH,214320,4,102,C,Major,C Major,0:03:34
6DEjYFkNZh67HP7R9PSZvv,reputation,7I7JbDv63ZJJsSi24DyJrz,Dancing With Our Hands Tied,11/10/2017,0.624,0.691,0,-6.686,0,0.196,0.0604,1.10E-05,0.138,0.284,160.024,audio_features,7I7JbDv63ZJJsSi24DyJrz,spotify:track:7I7JbDv63ZJJsSi24DyJrz,https://api.spotify.com/v1/tracks/7I7JbDv63ZJJsSi24DyJrz,https://api.spotify.com/v1/audio-analysis/7I7JbDv63ZJJsSi24DyJrz,211507,4,103,C,minor,C minor,0:03:32
6DEjYFkNZh67HP7R9PSZvv,reputation,6oVxXO5oQ4pTpO8RSnkzvv,Dress,11/10/2017,0.719,0.469,0,-8.792,1,0.0533,0.0329,0,0.169,0.0851,120.085,audio_features,6oVxXO5oQ4pTpO8RSnkzvv,spotify:track:6oVxXO5oQ4pTpO8RSnkzvv,https://api.spotify.com/v1/tracks/6oVxXO5oQ4pTpO8RSnkzvv,https://api.spotify.com/v1/audio-analysis/6oVxXO5oQ4pTpO8RSnkzvv,230373,4,104,C,Major,C Major,0:03:50
6DEjYFkNZh67HP7R9PSZvv,reputation,07NxDD1iKCHbAldceD7QLP,This Is Why We Can’t Have Nice Things,11/10/2017,0.567,0.789,5,-5.986,1,0.115,0.0156,0,0.382,0.438,163.96,audio_features,07NxDD1iKCHbAldceD7QLP,spotify:track:07NxDD1iKCHbAldceD7QLP,https://api.spotify.com/v1/tracks/07NxDD1iKCHbAldceD7QLP,https://api.spotify.com/v1/audio-analysis/07NxDD1iKCHbAldceD7QLP,207133,4,105,F,Major,F Major,0:03:27
6DEjYFkNZh67HP7R9PSZvv,reputation,1GwMQaZz6Au3QLDbjbMdme,Call It What You Want,11/10/2017,0.598,0.504,9,-9.874,1,0.0731,0.186,0.000221,0.34,0.252,163.954,audio_features,1GwMQaZz6Au3QLDbjbMdme,spotify:track:1GwMQaZz6Au3QLDbjbMdme,https://api.spotify.com/v1/tracks/1GwMQaZz6Au3QLDbjbMdme,https://api.spotify.com/v1/audio-analysis/1GwMQaZz6Au3QLDbjbMdme,203507,4,106,A,Major,A Major,0:03:24
6DEjYFkNZh67HP7R9PSZvv,reputation,7F5oktn5YOsR9eR5YsFtqb,New Year’s Day,11/10/2017,0.661,0.151,0,-12.864,1,0.0354,0.921,0,0.13,0.23,94.922,audio_features,7F5oktn5YOsR9eR5YsFtqb,spotify:track:7F5oktn5YOsR9eR5YsFtqb,https://api.spotify.com/v1/tracks/7F5oktn5YOsR9eR5YsFtqb,https://api.spotify.com/v1/audio-analysis/7F5oktn5YOsR9eR5YsFtqb,235467,4,107,C,Major,C Major,0:03:55
1NAmidJlEaVgA3MpcPFYGq,Lover,43rA71bccXFGD4C8GOpIlN,I Forgot That You Existed,8/23/2019,0.664,0.316,5,-10.345,1,0.519,0.298,2.03E-06,0.0812,0.541,92.875,audio_features,43rA71bccXFGD4C8GOpIlN,spotify:track:43rA71bccXFGD4C8GOpIlN,https://api.spotify.com/v1/tracks/43rA71bccXFGD4C8GOpIlN,https://api.spotify.com/v1/audio-analysis/43rA71bccXFGD4C8GOpIlN,170640,4,108,F,Major,F Major,0:02:51
1NAmidJlEaVgA3MpcPFYGq,Lover,1BxfuPKGuaTgP7aM0Bbdwr,Cruel Summer,8/23/2019,0.552,0.702,9,-5.707,1,0.157,0.117,2.06E-05,0.105,0.564,169.994,audio_features,1BxfuPKGuaTgP7aM0Bbdwr,spotify:track:1BxfuPKGuaTgP7aM0Bbdwr,https://api.spotify.com/v1/tracks/1BxfuPKGuaTgP7aM0Bbdwr,https://api.spotify.com/v1/audio-analysis/1BxfuPKGuaTgP7aM0Bbdwr,178427,4,109,A,Major,A Major,0:02:58
1NAmidJlEaVgA3MpcPFYGq,Lover,1dGr1c8CrMLDpV6mPbImSI,Lover,8/23/2019,0.359,0.543,7,-7.582,1,0.0919,0.492,1.58E-05,0.118,0.453,68.534,audio_features,1dGr1c8CrMLDpV6mPbImSI,spotify:track:1dGr1c8CrMLDpV6mPbImSI,https://api.spotify.com/v1/tracks/1dGr1c8CrMLDpV6mPbImSI,https://api.spotify.com/v1/audio-analysis/1dGr1c8CrMLDpV6mPbImSI,221307,4,110,G,Major,G Major,0:03:41
1NAmidJlEaVgA3MpcPFYGq,Lover,3RauEVgRgj1IuWdJ9fDs70,The Man,8/23/2019,0.777,0.658,0,-5.191,1,0.054,0.0767,0,0.0901,0.633,110.048,audio_features,3RauEVgRgj1IuWdJ9fDs70,spotify:track:3RauEVgRgj1IuWdJ9fDs70,https://api.spotify.com/v1/tracks/3RauEVgRgj1IuWdJ9fDs70,https://api.spotify.com/v1/audio-analysis/3RauEVgRgj1IuWdJ9fDs70,190360,4,111,C,Major,C Major,0:03:10
1NAmidJlEaVgA3MpcPFYGq,Lover,3pHkh7d0lzM2AldUtz2x37,The Archer,8/23/2019,0.292,0.574,0,-9.375,1,0.0401,0.12,0.00569,0.0663,0.166,124.344,audio_features,3pHkh7d0lzM2AldUtz2x37,spotify:track:3pHkh7d0lzM2AldUtz2x37,https://api.spotify.com/v1/tracks/3pHkh7d0lzM2AldUtz2x37,https://api.spotify.com/v1/audio-analysis/3pHkh7d0lzM2AldUtz2x37,211240,4,112,C,Major,C Major,0:03:31
1NAmidJlEaVgA3MpcPFYGq,Lover,2YWtcWi3a83pdEg3Gif4Pd,I Think He Knows,8/23/2019,0.897,0.366,0,-8.029,1,0.0569,0.00889,0.000353,0.0715,0.416,100.003,audio_features,2YWtcWi3a83pdEg3Gif4Pd,spotify:track:2YWtcWi3a83pdEg3Gif4Pd,https://api.spotify.com/v1/tracks/2YWtcWi3a83pdEg3Gif4Pd,https://api.spotify.com/v1/audio-analysis/2YWtcWi3a83pdEg3Gif4Pd,173387,4,113,C,Major,C Major,0:02:53
1NAmidJlEaVgA3MpcPFYGq,Lover,214nt20w5wOxJnY462klLw,Miss Americana & The Heartbreak Prince,8/23/2019,0.662,0.747,11,-6.926,0,0.0736,0.028,0.00615,0.138,0.487,150.088,audio_features,214nt20w5wOxJnY462klLw,spotify:track:214nt20w5wOxJnY462klLw,https://api.spotify.com/v1/tracks/214nt20w5wOxJnY462klLw,https://api.spotify.com/v1/audio-analysis/214nt20w5wOxJnY462klLw,234147,4,114,B,minor,B minor,0:03:54
1NAmidJlEaVgA3MpcPFYGq,Lover,4y5bvROuBDPr5fuwXbIBZR,Paper Rings,8/23/2019,0.811,0.719,9,-6.553,1,0.0497,0.0129,1.36E-05,0.0742,0.865,103.979,audio_features,4y5bvROuBDPr5fuwXbIBZR,spotify:track:4y5bvROuBDPr5fuwXbIBZR,https://api.spotify.com/v1/tracks/4y5bvROuBDPr5fuwXbIBZR,https://api.spotify.com/v1/audio-analysis/4y5bvROuBDPr5fuwXbIBZR,222400,4,115,A,Major,A Major,0:03:42
1NAmidJlEaVgA3MpcPFYGq,Lover,12M5uqx0ZuwkpLp5rJim1a,Cornelia Street,8/23/2019,0.824,0.624,0,-9.728,1,0.0827,0.781,0.000189,0.1,0.248,102.012,audio_features,12M5uqx0ZuwkpLp5rJim1a,spotify:track:12M5uqx0ZuwkpLp5rJim1a,https://api.spotify.com/v1/tracks/12M5uqx0ZuwkpLp5rJim1a,https://api.spotify.com/v1/audio-analysis/12M5uqx0ZuwkpLp5rJim1a,287267,4,116,C,Major,C Major,0:04:47
1NAmidJlEaVgA3MpcPFYGq,Lover,2dgFqt3w9xIQRjhPtwNk3D,Death By A Thousand Cuts,8/23/2019,0.712,0.732,4,-6.754,1,0.0629,0.454,0,0.319,0.313,94.071,audio_features,2dgFqt3w9xIQRjhPtwNk3D,spotify:track:2dgFqt3w9xIQRjhPtwNk3D,https://api.spotify.com/v1/tracks/2dgFqt3w9xIQRjhPtwNk3D,https://api.spotify.com/v1/audio-analysis/2dgFqt3w9xIQRjhPtwNk3D,198533,4,117,D,Major,D Major,0:03:19
1NAmidJlEaVgA3MpcPFYGq,Lover,1LLXZFeAHK9R4xUramtUKw,London Boy,8/23/2019,0.695,0.71,1,-6.639,1,0.05,0.0246,0.000104,0.133,0.557,157.925,audio_features,1LLXZFeAHK9R4xUramtUKw,spotify:track:1LLXZFeAHK9R4xUramtUKw,https://api.spotify.com/v1/tracks/1LLXZFeAHK9R4xUramtUKw,https://api.spotify.com/v1/audio-analysis/1LLXZFeAHK9R4xUramtUKw,190240,4,118,Db,Major,Db Major,0:03:10
1NAmidJlEaVgA3MpcPFYGq,Lover,4AYtqFyFbX0Xkc2wtcygTr,Soon You’ll Get Better (feat. Dixie Chicks),8/23/2019,0.433,0.182,0,-12.566,1,0.0641,0.907,0,0.123,0.421,207.476,audio_features,4AYtqFyFbX0Xkc2wtcygTr,spotify:track:4AYtqFyFbX0Xkc2wtcygTr,https://api.spotify.com/v1/tracks/4AYtqFyFbX0Xkc2wtcygTr,https://api.spotify.com/v1/audio-analysis/4AYtqFyFbX0Xkc2wtcygTr,201587,4,119,C,Major,C Major,0:03:22
1NAmidJlEaVgA3MpcPFYGq,Lover,5hQSXkFgbxjZo9uCwd11so,False God,8/23/2019,0.739,0.32,11,-10.862,0,0.239,0.736,0.000147,0.111,0.351,79.97,audio_features,5hQSXkFgbxjZo9uCwd11so,spotify:track:5hQSXkFgbxjZo9uCwd11so,https://api.spotify.com/v1/tracks/5hQSXkFgbxjZo9uCwd11so,https://api.spotify.com/v1/audio-analysis/5hQSXkFgbxjZo9uCwd11so,200307,4,120,B,minor,B minor,0:03:20
1NAmidJlEaVgA3MpcPFYGq,Lover,6RRNNciQGZEXnqk8SQ9yv5,You Need To Calm Down,8/23/2019,0.771,0.671,2,-5.617,1,0.0553,0.00929,0,0.0637,0.714,85.026,audio_features,6RRNNciQGZEXnqk8SQ9yv5,spotify:track:6RRNNciQGZEXnqk8SQ9yv5,https://api.spotify.com/v1/tracks/6RRNNciQGZEXnqk8SQ9yv5,https://api.spotify.com/v1/audio-analysis/6RRNNciQGZEXnqk8SQ9yv5,171360,4,121,D,Major,D Major,0:02:51
1NAmidJlEaVgA3MpcPFYGq,Lover,1SymEzIT3H8UZfibCs3TYi,Afterglow,8/23/2019,0.756,0.449,9,-8.746,1,0.0344,0.13,0,0.114,0.399,111.011,audio_features,1SymEzIT3H8UZfibCs3TYi,spotify:track:1SymEzIT3H8UZfibCs3TYi,https://api.spotify.com/v1/tracks/1SymEzIT3H8UZfibCs3TYi,https://api.spotify.com/v1/audio-analysis/1SymEzIT3H8UZfibCs3TYi,223293,4,122,A,Major,A Major,0:03:43
1NAmidJlEaVgA3MpcPFYGq,Lover,2Rk4JlNc2TPmZe2af99d45,ME! (feat. Brendon Urie of Panic! At The Disco),8/23/2019,0.61,0.83,0,-4.105,1,0.0571,0.033,0,0.118,0.728,182.162,audio_features,2Rk4JlNc2TPmZe2af99d45,spotify:track:2Rk4JlNc2TPmZe2af99d45,https://api.spotify.com/v1/tracks/2Rk4JlNc2TPmZe2af99d45,https://api.spotify.com/v1/audio-analysis/2Rk4JlNc2TPmZe2af99d45,193000,4,123,C,Major,C Major,0:03:13
1NAmidJlEaVgA3MpcPFYGq,Lover,1SmiQ65iSAbPto6gPFlBYm,It’s Nice To Have A Friend,8/23/2019,0.737,0.175,10,-9.912,1,0.0401,0.971,0.000337,0.171,0.545,70.008,audio_features,1SmiQ65iSAbPto6gPFlBYm,spotify:track:1SmiQ65iSAbPto6gPFlBYm,https://api.spotify.com/v1/tracks/1SmiQ65iSAbPto6gPFlBYm,https://api.spotify.com/v1/audio-analysis/1SmiQ65iSAbPto6gPFlBYm,150440,4,124,Bb,Major,Bb Major,0:02:30
1NAmidJlEaVgA3MpcPFYGq,Lover,1fzAuUVbzlhZ1lJAx9PtY6,Daylight,8/23/2019,0.557,0.496,0,-9.602,1,0.0563,0.808,0.000173,0.0772,0.265,149.983,audio_features,1fzAuUVbzlhZ1lJAx9PtY6,spotify:track:1fzAuUVbzlhZ1lJAx9PtY6,https://api.spotify.com/v1/tracks/1fzAuUVbzlhZ1lJAx9PtY6,https://api.spotify.com/v1/audio-analysis/1fzAuUVbzlhZ1lJAx9PtY6,293453,4,125,C,Major,C Major,0:04:53
